"","x"
"1","Acacia tetragonophylla"
"2","Alectryon oleifolius subsp. canescens"
"3","Anemocarpa podolepidium"
"4","Atriplex angulata"
"5","Atriplex holocarpa"
"6","Austrostipa scabra"
"7","Acacia victoriae"
"8","Astrebla pectinata"
"9","Atriplex limbata"
"10","Atriplex vesicaria"
"11","Maireana astrotricha"
"12","Bothriochloa macra"
"13","Brachyscome ciliaris var. ciliaris"
"14","Brachyscome ciliaris var. lanuginosa"
"15","Brachyscome dentata"
"16","Calandrinia eremaea"
"17","Calotis hispidula"
"18","Calotis plumulifera"
"19","Cullen australasicum"
"20","Daucus glochidiatus"
"21","Dissocarpus biflorus var. biflorus"
"22","Carthamus lanatus"
"23","Casuarina pauper"
"24","Centipeda cunninghamii"
"25","Chloris truncata"
"26","Corynotheca sp."
"27","Crassula colorata var. acuminata"
"28","Cymbopogon ambiguus"
"29","Maireana erioclada"
"30","Digitaria divaricatissima var. divaricatissima"
"31","Enneapogon avenaceus"
"32","Dissocarpus paradoxus"
"33","Enneapogon cylindricus"
"34","Enteropogon acicularis"
"35","Eragrostis dielsii"
"36","Eragrostis setifolia"
"37","Lotus cruentus"
"38","Gnephosis arachnoidea"
"39","Leiocarpa websteri"
"40","Leontodon rhagadioloides"
"41","Linum marginale"
"42","Maireana pyramidata"
"43","Erodium carolinianum"
"44","Eucalyptus camaldulensis subsp. arida"
"45","Euphorbia australis var. erythrantha"
"46","Euphorbia drummondii"
"47","Leiocarpa leptolepis"
"48","Lepidium phlebopetalum"
"49","Osteocarpum acropterum var. deminutum"
"50","Panicum laevinode"
"51","Pimelea simplex subsp. simplex"
"52","Plantago drummondii"
"53","Ptilotus nobilis"
"54","Rhodanthe corymbiflora"
"55","Maireana trichoptera"
"56","Maireana turbinata"
"57","Malacocera tricornis"
"58","Medicago minima"
"59","Oxalis perennans"
"60","Portulaca oleracea"
"61","Rhodanthe microglossa"
"62","Rytidosperma setaceum"
"63","Schismus barbatus"
"64","Sclerolaena lanicuspis"
"65","Rhodanthe pygmaea"
"66","Roepera apiculata"
"67","Sclerolaena brachyptera"
"68","Sclerolaena divaricata"
"69","Sclerolaena longicuspis"
"70","Sclerolaena obliquicuspis"
"71","Sclerolaena parallelicuspis"
"72","Sclerolaena ventricosa"
"73","Sida fibulifera"
"74","Sida intricata"
"75","Sida trichopoda"
"76","Sisymbrium erysimoides"
"77","Solanum nigrum"
"78","Sonchus oleraceus"
"79","Sporobolus actinocladus"
"80","Goodenia pinnatifida"
"81","Sporobolus caroli"
"82","Tetragonia eremaea"
"83","Tripogonella loliiformis"
"84","Vittadinia eremaea"
"85","Vittadinia pterochaeta"
"86","Wahlenbergia gracilenta"
"87","Centaurea melitensis"
"88","Chenopodium curvispicatum"
"89","Tetragonia moorei"
"90","Dead tree/shrub"
"91","Aristida anthoxanthoides"
"92","Atriplex lindleyi subsp. inflata"
"93","Austrostipa nitida"
"94","Brachyscome lineariloba"
"95","Bromus arenarius"
"96","Bulbine alata"
"97","Carrichtera annua"
"98","Maireana coronata"
"99","Convolvulus remotus"
"100","Convolvulus"
"101","Crassula colligata subsp. lamprosperma"
"102","Cullen cinereum"
"103","Dactyloctenium radulans"
"104","Dichanthium sericeum subsp. sericeum"
"105","Digitaria brownii"
"106","Disphyma crassifolium subsp. clavellatum"
"107","Erodium aureum"
"108","Erodium crinitum"
"109","Eucalyptus gillii"
"110","Ixiochlamys cuneifolia"
"111","Leiocarpa tomentosa"
"112","Lepidium oxytrichum"
"113","Malvastrum americanum"
"114","Medicago polymorpha"
"115","Minuria cunninghamii"
"116","Minuria denticulata"
"117","Myoporum platycarpum subsp. platycarpum"
"118","Panicum decompositum"
"119","Pimelea simplex"
"120","Rhagodia spinescens"
"121","Rhodanthe floribunda"
"122","Rhodanthe stricta"
"123","Rostraria pumila"
"124","Rytidosperma caespitosum"
"125","Salsola australis"
"126","Sclerolaena diacantha"
"127","Sclerolaena eriacantha"
"128","Sclerolaena intricata"
"129","Senecio lanibracteus"
"130","Sida cunninghamii"
"131","Trianthema triquetrum"
"132","Vittadinia cuneata var. cuneata"
"133","Vittadinia gracilis"
"134","Vittadinia"
"135","Vittadinia sp."
"136","Wahlenbergia gracilis"
"137","Solanum"
"138",NA
